{
  "threshold": 0.75,
  "num_test_slides": 61,
  "accuracy": 0.9344262295081968,
  "roc_auc": 0.990301724137931,
  "pr_auc": 0.990408919546151,
  "confusion_matrix": [
    [
      29,
      3
    ],
    [
      1,
      28
    ]
  ],
  "benign_count": 32,
  "malignant_count": 29
}