{
  "train_loss": [
    0.6356662649732384,
    0.5876426185432484,
    0.5653489446028684,
    0.5478393580895519,
    0.531421928201858,
    0.5150888128346732,
    0.4973461557981553,
    0.47678818278867935,
    0.4551830549274255,
    0.43135610161063587,
    0.40789253502289025,
    0.38538043390579657,
    0.36163932770041207,
    0.33648994154556067,
    0.31468789564680544
  ],
  "train_acc": [
    0.6185047401896075,
    0.6727469098763951,
    0.6948877955118204,
    0.7150686027441098,
    0.7292291691667667,
    0.7449497979919196,
    0.7608504340173607,
    0.7763910556422257,
    0.7929317172686907,
    0.8130125205008201,
    0.828233129325173,
    0.842613704548182,
    0.859994399775991,
    0.874914996599864,
    0.8877355094203768
  ],
  "val_loss": [
    0.6194987571472992,
    0.5990977427632513,
    0.611909353579281,
    0.6199808978829382,
    0.5941728946072486,
    0.5927258300143341,
    0.61427010576291,
    0.6502859578654347,
    0.6335427580071133,
    0.6495203563145229,
    0.7177598560818974,
    0.6909036302589311,
    0.7666289218578165,
    0.7714994493649442,
    0.812800484391644
  ],
  "val_acc": [
    0.6020066889632107,
    0.6429049211657907,
    0.6445293836598185,
    0.6417582417582418,
    0.651887243191591,
    0.6741519350215003,
    0.6504538939321548,
    0.6577161968466316,
    0.6586717630195891,
    0.6770186335403726,
    0.6548494983277592,
    0.6580984233158146,
    0.6544672718585762,
    0.65685618729097,
    0.6604873387482083
  ]
}