{
  "threshold": 0.5,
  "num_test_slides": 61,
  "accuracy": 0.639344262295082,
  "roc_auc": 0.990301724137931,
  "pr_auc": 0.990408919546151,
  "confusion_matrix": [
    [
      10,
      22
    ],
    [
      0,
      29
    ]
  ],
  "benign_count": 32,
  "malignant_count": 29
}